Entité;Jo;Match;Date;Heure;EQA_no;EQA_nom;EQB_no;EQB_nom;Set;Score;Total;Salle;Arb1;Arb2;
ACJEUNES;01;JFA001;2024-11-10;11:00;0699635;A.S.V.E.L.;0382203;CA VOLLEY BALL JALIOROMAIN; 0/2;11-25,9-25;20-50;GYMNASE FOURNIÈRE;AUBERT JEAN;BEKKARA MOHAMED;
ACJEUNES;01;JFA002;2024-11-10;00:00;0382203;CA VOLLEY BALL JALIOROMAIN;0634740;VOLLEY BALL CLUB CHAMALIERES; 0/2;26-28,22-25;48-53;GYMNASE FOURNIÈRE;BEKKARA MOHAMED;AUBERT JEAN;
ACJEUNES;01;JFA003;2024-11-10;00:00;0699635;A.S.V.E.L.;0634740;VOLLEY BALL CLUB CHAMALIERES; 0/2;13-25,11-25;24-50;GYMNASE FOURNIÈRE;AUBERT JEAN;BEKKARA MOHAMED;
ACJEUNES;01;JFB001;2024-11-10;11:00;0382205;PAYS VOIRONNAIS VOLLEY - PVV;0382201;GRENOBLE V.UNIVERSITE CLUB; 2/0;25-22,26-24;51-46;BEGHIN;KAFIZ MOHAND;REY JULIE;
ACJEUNES;01;JFB002;2024-11-10;00:00;0382201;GRENOBLE V.UNIVERSITE CLUB;0699603;ASUL LYON VOLLEY BALL; 2/0;25-10,25-15;50-25;BEGHIN;KAFIZ MOHAND;REY JULIE;
ACJEUNES;01;JFB003;2024-11-10;00:00;0382205;PAYS VOIRONNAIS VOLLEY - PVV;0699603;ASUL LYON VOLLEY BALL; 2/0;25-14,25-19;50-33;BEGHIN;REY JULIE;KAFIZ MOHAND;
ACJEUNES;01;JFC001;2024-11-10;11:00;0380027;VOLLEY LA TOUR DU PIN;0429687;CLUB ATHLETIQUE DE ST ETIENNE; 0/2;5-25,25-27;30-52;ROGER FRISON ROCHE;BESSEAU GUILLAUME;DREAN MAXIME;
ACJEUNES;01;JFC002;2024-11-10;00:00;0429687;CLUB ATHLETIQUE DE ST ETIENNE;0634293;RIOM VOLLEY-BALL; 2/0;25-4,25-6;50-10;ROGER FRISON ROCHE;DREAN MAXIME;BESSEAU GUILLAUME;
ACJEUNES;01;JFC003;2024-11-10;00:00;0380027;VOLLEY LA TOUR DU PIN;0634293;RIOM VOLLEY-BALL; 2/0;25-14,25-19;50-33;ROGER FRISON ROCHE;BESSEAU GUILLAUME;DREAN MAXIME;
ACJEUNES;01;JFD001;2024-11-10;10:00;0132348;MARSEILLE VOLLEY 13;0136761;ISTRES PROVENCE VOLLEY; 0/2;18-25,23-25;41-50;GYMNASE DE LA ROSE FUVEAU;ROSSELLO REMY;KRIKER NOA;
ACJEUNES;01;JFD002;2024-11-10;00:00;0136761;ISTRES PROVENCE VOLLEY;0061297;RACING CLUB DE CANNES; 0/2;14-25,21-25;35-50;GYMNASE DE LA ROSE FUVEAU;KRIKER NOA;GURRIET GILLES;
ACJEUNES;01;JFD003;2024-11-10;00:00;0132348;MARSEILLE VOLLEY 13;0061297;RACING CLUB DE CANNES; 0/2;13-25,13-25;26-50;GYMNASE DE LA ROSE FUVEAU;GURRIET GILLES;KRIKER NOA;
ACJEUNES;01;JFE001;2024-11-10;14:00;0849721;DETENTE VERTICALE VEDENAISE;0307732;NIMES VOLLEY-BALL; 1/2;24-26,25-21,10-15;59-62;GYMNASE PRADAYROL;KHELLAF FREDERIC;KRIKER SAMY;
ACJEUNES;01;JFE002;2024-11-10;00:00;0307732;NIMES VOLLEY-BALL;0138032;PAYS D'AIX VENELLES V.B.; 0/2;13-25,12-25;25-50;GYMNASE PRADAYROL;KRIKER SAMY;KHELLAF FREDERIC;
ACJEUNES;01;JFE003;2024-11-10;00:00;0849721;DETENTE VERTICALE VEDENAISE;0138032;PAYS D'AIX VENELLES V.B.; 0/2;6-25,8-25;14-50;GYMNASE PRADAYROL;KHELLAF FREDERIC;KRIKER SAMY;
ACJEUNES;01;JFF001;2024-11-10;11:00;0119381;M.J.C. COURSAN;0344036;AGDE VOLLEY BALL; 0/2;19-25,13-25;32-50;MICHEL BARRIERE;BERTRAND JOELLE;ROYO LINDA;
ACJEUNES;01;JFF002;2024-11-10;00:00;0344036;AGDE VOLLEY BALL;0819685;PUYLAURENS VOLLEY BALL; 0/2;23-25,22-25;45-50;MICHEL BARRIERE;ROYO LINDA;BERTRAND JOELLE;
ACJEUNES;01;JFF003;2024-11-10;00:00;0119381;M.J.C. COURSAN;0819685;PUYLAURENS VOLLEY BALL; 0/2;12-25,22-25;34-50;MICHEL BARRIERE;BERTRAND JOELLE;ROYO LINDA;
ACJEUNES;01;JFG001;2024-11-10;11:00;0340015;BEZIERS VOLLEY;0117968;VOLLEY-BALL GRUISSAN; 2/0;25-11,25-8;50-19;PALAIS DES SPORTS MEDITERRANEE;DUSSAUT REMY;BERNARD JACK-NICOLAS;
ACJEUNES;01;JFG002;2024-11-10;00:00;0117968;VOLLEY-BALL GRUISSAN;0344410;ASLJCROIX ARGENT MONTPELLIER; 2/1;11-25,27-25,15-10;53-60;PALAIS DES SPORTS MEDITERRANEE;DUSSAUT REMY;BERNARD JACK-NICOLAS;
ACJEUNES;01;JFG003;2024-11-10;00:00;0340015;BEZIERS VOLLEY;0344410;ASLJCROIX ARGENT MONTPELLIER; 2/0;25-14,25-15;50-29;PALAIS DES SPORTS MEDITERRANEE;BERNARD JACK-NICOLAS;DUSSAUT REMY;
ACJEUNES;01;JFH001;2024-11-10;11:00;0348496;AS.SP. V.B MAUGUIO;0345002;ASBAM MONTPELLIER; 1/2;25-21,24-26,14-16;63-63;GYMNASE DE L'ETANG DE L'OR;MOHAMED SAID;CASTEL JULES;
ACJEUNES;01;JFH002;2024-11-10;00:00;0345002;ASBAM MONTPELLIER;0349150;LATTES ASPTT MONTPELLIER V.A.C; 1/2;25-23,22-25,10-15;57-63;GYMNASE DE L'ETANG DE L'OR;CASTEL JULES;MOHAMED SAID;
ACJEUNES;01;JFH003;2024-11-10;00:00;0348496;AS.SP. V.B MAUGUIO;0349150;LATTES ASPTT MONTPELLIER V.A.C; 1/2;27-25,23-25,11-15;61-65;GYMNASE DE L'ETANG DE L'OR;MOHAMED SAID;CASTEL JULES;
ACJEUNES;01;JFI001;2024-11-10;09:30;0648734;LONS VOLLEY-CLUB DU MOULIN;0646282;MJC LES FLEURS DE PAU; 0/2;19-25,14-25;33-50;COMPLEXE AQUALONS;MOREAU JACQUES;GOUEL PATRICK;
ACJEUNES;01;JFI002;2024-11-10;00:00;0646282;MJC LES FLEURS DE PAU;0311264;TOULOUSE ATHLETIC CLUB; 2/0;25-9,25-11;50-20;COMPLEXE AQUALONS;MOREAU JACQUES;GOUEL PATRICK;
ACJEUNES;01;JFI003;2024-11-10;00:00;0648734;LONS VOLLEY-CLUB DU MOULIN;0311264;TOULOUSE ATHLETIC CLUB; 2/0;25-22,25-18;50-40;COMPLEXE AQUALONS;GOUEL PATRICK;MOREAU JACQUES;
ACJEUNES;01;JFJ001;2024-11-10;11:00;0812335;VOLLEY-BALL ALBIGEOIS;0818902;U.S. CADALENOISE V.B.; 0/2;16-25,17-25;33-50;COSEC;VO QUANG TUYEN DANIEL;JOUY RICHARD;
ACJEUNES;01;JFJ002;2024-11-10;00:00;0818902;U.S. CADALENOISE V.B.;0319689;A.S. DE L'UNION VOLLEY-BALL; 0/2;9-25,12-25;21-50;COSEC;JOUY RICHARD;VO QUANG TUYEN DANIEL;
ACJEUNES;01;JFJ003;2024-11-10;00:00;0812335;VOLLEY-BALL ALBIGEOIS;0319689;A.S. DE L'UNION VOLLEY-BALL; 0/2;15-25,7-25;22-50;COSEC;VO QUANG TUYEN DANIEL;JOUY RICHARD;
ACJEUNES;01;JFK001;2024-11-10;11:00;0798259;VOLLEY-BALL PEXINOIS NIORT;0862442;CEP POITIERS/ST BENOIT V.B.; 2/0;25-16,25-18;50-34;HENRI BARBUSSE;FERNANDEZ FRANCOIS;FERNANDEZ STEPHANIE;
ACJEUNES;01;JFK002;2024-11-10;00:00;0862442;CEP POITIERS/ST BENOIT V.B.;0330014;J.S.A. BORDEAUX; 0/2;7-25,9-25;16-50;HENRI BARBUSSE;FERNANDEZ FRANCOIS;FERNANDEZ STEPHANIE;
ACJEUNES;01;JFK003;2024-11-10;00:00;0798259;VOLLEY-BALL PEXINOIS NIORT;0330014;J.S.A. BORDEAUX; 0/2;25-27,22-25;47-52;HENRI BARBUSSE;FERNANDEZ STEPHANIE;FERNANDEZ FRANCOIS;
ACJEUNES;01;JFL001;2024-11-10;11:00;0335197;SPORT ATHLETIQUE MERIGNACAIS;0337145;ASSOCIATION SPORTIVE ILLACAISE VOLLEY-BALL; 2/0;25-14,25-23;50-37;DANIEL COLOMBIER;GEORGE ALLISTER;MERCIER LAETITIA;
ACJEUNES;01;JFL002;2024-11-10;00:00;0337145;ASSOCIATION SPORTIVE ILLACAISE VOLLEY-BALL;0476722;ASPTT MARMANDE VOLLEY-BALL; 2/0;25-7,25-4;50-11;DANIEL COLOMBIER;GEORGE ALLISTER;MERCIER LAETITIA;
ACJEUNES;01;JFL003;2024-11-10;00:00;0335197;SPORT ATHLETIQUE MERIGNACAIS;0476722;ASPTT MARMANDE VOLLEY-BALL; 2/0;25-4,25-4;50-8;DANIEL COLOMBIER;MERCIER LAETITIA;GEORGE ALLISTER;
ACJEUNES;01;JFM001;2024-11-10;11:00;0351417;RENNES ETUDIANTS CLUB;0351506;LES BLEUETS PORTES DE BRETAGNE VB; 2/0;26-24,25-16;51-40;COURTEMANCHE;DUCHENE FREDERIC;DUCHENE CECILIA;
ACJEUNES;01;JFM002;2024-11-10;00:00;0351506;LES BLEUETS PORTES DE BRETAGNE VB;0299370;QUIMPER VOLLEY 29; 1/2;25-17,15-25,6-15;46-57;COURTEMANCHE;DUCHENE FREDERIC;DUCHENE CECILIA;
ACJEUNES;01;JFM003;2024-11-10;00:00;0351417;RENNES ETUDIANTS CLUB;0299370;QUIMPER VOLLEY 29; 2/0;25-23,25-12;50-35;COURTEMANCHE;DUCHENE CECILIA;DUCHENE FREDERIC;
ACJEUNES;01;JFN001;2024-11-10;10:30;0353652;C.P.B. RENNES 35;0444976;LES NEPTUNES NANTES VOLLEY ASSOCIATION; 0/2;13-25,13-25;26-50;GYMNASE CDT BOUGOUIN;PLESSIS LÉANDRE;DE THY MORGANE;
ACJEUNES;01;JFN002;2024-11-10;00:00;0444976;LES NEPTUNES NANTES VOLLEY ASSOCIATION;0377979;REVEIL SPORTIF DE SAINT-CYR; 2/0;25-14,25-19;50-33;GYMNASE CDT BOUGOUIN;DE THY MORGANE;PLESSIS LÉANDRE;
ACJEUNES;01;JFN003;2024-11-10;00:00;0353652;C.P.B. RENNES 35;0377979;REVEIL SPORTIF DE SAINT-CYR; 0/2;23-25,21-25;44-50;GYMNASE CDT BOUGOUIN;PLESSIS LÉANDRE;DE THY MORGANE;
ACJEUNES;01;JFO001;2024-11-10;11:00;0376019;ALERTE SPORTIVE MONTLOUIS;0455556;NEUVILLE SPORTS; 0/2;15-25,17-25;32-50;LEO LAGRANGE;DANAIS CLAUSSE MELISSA;THOMAS PATRICE;
ACJEUNES;01;JFO002;2024-11-10;00:00;0455556;NEUVILLE SPORTS;0912762;VOLLEY-BALL DE MILLY LA FORET; 1/2;14-25,25-12,13-15;52-52;LEO LAGRANGE;THOMAS PATRICE;;
ACJEUNES;01;JFO003;2024-11-10;00:00;0376019;ALERTE SPORTIVE MONTLOUIS;0912762;VOLLEY-BALL DE MILLY LA FORET; 0/2;12-25,13-25;25-50;LEO LAGRANGE;THOMAS PATRICE;;
ACJEUNES;01;JFP001;2024-11-10;11:00;0255795;BESANCON VOLLEY-BALL;0255803;VOLLEY SAINT VITOIS; 2/0;25-10,25-6;50-16;BOULOIE;SAINT VOIRIN VINCENT;SCHMIDT KILLIAN;
ACJEUNES;01;JFP002;2024-11-10;00:00;0255803;VOLLEY SAINT VITOIS;0219695;DIJON TALANT VOLLEY-BALL; 0/2;23-25,12-25;35-50;BOULOIE;SAINT VOIRIN VINCENT;SCHMIDT KILLIAN;
ACJEUNES;01;JFP003;2024-11-10;00:00;0255795;BESANCON VOLLEY-BALL;0219695;DIJON TALANT VOLLEY-BALL; 2/0;25-17,25-7;50-24;BOULOIE;SCHMIDT KILLIAN;SAINT VOIRIN VINCENT;
ACJEUNES;01;JFQ001;2024-11-10;11:00;0542783;GRAND NANCY VOLLEY-BALL;0543620;VANDOEUVRE-NANCY VOLLEY-BALL; 0/2;10-25,10-25;20-50;GYMNASE ALFRED MEZIERES;ROTH HARENZA THOMAS;LEPAGE BENOIT;
ACJEUNES;01;JFQ002;2024-11-10;00:00;0543620;VANDOEUVRE-NANCY VOLLEY-BALL;0574053;VOLLEY-CLUB SARREBOURG; 2/0;25-5,25-7;50-12;GYMNASE ALFRED MEZIERES;LEPAGE BENOIT;ROTH HARENZA THOMAS;
ACJEUNES;01;JFQ003;2024-11-10;00:00;0542783;GRAND NANCY VOLLEY-BALL;0574053;VOLLEY-CLUB SARREBOURG; 2/0;25-15,25-17;50-32;GYMNASE ALFRED MEZIERES;LEPAGE BENOIT;ROTH HARENZA THOMAS;
ACJEUNES;01;JFR001;2024-11-10;13:00;0679843;MOLSHEIM OLYMPIQUE CLUB;0675289;A.S. VALLEE DE LA SAUER; 0/2;15-25,20-25;35-50;GYMNASE HOSSENLOPP;HERRMANN EMILE;SCHMITT JEAN-LUC;
ACJEUNES;01;JFR002;2024-11-10;00:00;0675289;A.S. VALLEE DE LA SAUER;0686392;VOLLEY MULHOUSE ALSACE; 0/2;19-25,9-25;28-50;GYMNASE HOSSENLOPP;SCHMITT JEAN-LUC;HERRMANN EMILE;
ACJEUNES;01;JFR003;2024-11-10;00:00;0679843;MOLSHEIM OLYMPIQUE CLUB;0686392;VOLLEY MULHOUSE ALSACE; 0/2;19-25,10-25;29-50;GYMNASE HOSSENLOPP;HERRMANN EMILE;SCHMITT JEAN-LUC;
ACJEUNES;01;JFS001;2024-11-10;11:00;0510012;REIMS VOLLEY 51;0779890;US LOGNES VOLLEY-BALL; 0/2;10-25,9-25;19-50;COURCELLES;ROLAIN YANN;COSSON FREDERIC;
ACJEUNES;01;JFS002;2024-11-10;00:00;0779890;US LOGNES VOLLEY-BALL;0590036;VOLLEY CLUB DE VALENCIENNES; 0/2;14-25,18-25;32-50;COURCELLES;COSSON FREDERIC;ROLAIN YANN;
ACJEUNES;01;JFS003;2024-11-10;00:00;0510012;REIMS VOLLEY 51;0590036;VOLLEY CLUB DE VALENCIENNES; 0/2;5-25,7-25;12-50;COURCELLES;ROLAIN YANN;COSSON FREDERIC;
ACJEUNES;01;JFT001;2024-11-10;11:00;0148994;ELAN SPORTIF DE CARPIQUET DE VOLLEY;0279428;EVREUX VOLLEY-BALL; 2/0;25-15,25-16;50-31;SALLE LEGRANDOIS;NOEL GILLES;BROSSARD SOAZIG;
ACJEUNES;01;JFT002;2024-11-10;00:00;0279428;EVREUX VOLLEY-BALL;0503820;AS HAINNEVILLAISE VOLLEY; 2/0;25-19,25-16;50-35;SALLE LEGRANDOIS;BROSSARD SOAZIG;NOEL GILLES;
ACJEUNES;01;JFT003;2024-11-10;00:00;0148994;ELAN SPORTIF DE CARPIQUET DE VOLLEY;0503820;AS HAINNEVILLAISE VOLLEY; 2/0;25-14,25-16;50-30;SALLE LEGRANDOIS;BROSSARD SOAZIG;NOEL GILLES;
ACJEUNES;01;JFU001;2024-11-10;14:00;0590025;AMICALE CENTRE HELLEMMES VOLLEY-BALL;0594680;TOURCOING VOLLEY-BALL L.M.; 2/0;25-23,25-21;50-44;SALLE DELANNOY;OUENOUGHI BOUBEKEUR;;
ACJEUNES;01;JFU002;2024-11-10;00:00;0594680;TOURCOING VOLLEY-BALL L.M.;0590038;ASSOCIATION AMANDINOISE DE VOLLEY-BALL; 2/0;25-20,25-14;50-34;SALLE DELANNOY;OUENOUGHI BOUBEKEUR;;
ACJEUNES;01;JFU003;2024-11-10;00:00;0590025;AMICALE CENTRE HELLEMMES VOLLEY-BALL;0590038;ASSOCIATION AMANDINOISE DE VOLLEY-BALL; 2/0;25-22,25-11;50-33;SALLE DELANNOY;OUENOUGHI BOUBEKEUR;;
ACJEUNES;01;JFV001;2024-11-10;11:00;0596435;VOLLEY-BALL DE RONCQ;0590041;HALLUIN VOLLEY METROPOLE; 2/1;27-25,10-25,16-14;53-64;SALLE JULES STELANDRE;LECOURT CHRISTOPHE;CABY GUILLAUME;
ACJEUNES;01;JFV002;2024-11-10;00:00;0590041;HALLUIN VOLLEY METROPOLE;0595407;UNION SPORTIVE DE ST ANDRE; 2/1;24-26,25-11,15-11;64-48;SALLE JULES STELANDRE;CABY GUILLAUME;LECOURT CHRISTOPHE;
ACJEUNES;01;JFV003;2024-11-10;00:00;0596435;VOLLEY-BALL DE RONCQ;0595407;UNION SPORTIVE DE ST ANDRE; 0/2;19-25,13-25;32-50;SALLE JULES STELANDRE;CABY GUILLAUME;LECOURT CHRISTOPHE;
ACJEUNES;01;JFW001;2024-11-10;11:00;0594597;ASP VILLENEUVE D'ASCQ METROPOLE;0599408;VOLLEY-BALL CLUB CYSOING; 0/2;14-25,14-25;28-50;TAMISE;RYELANDT JEAN-FRANCOIS;BONNEL KEVIN;
ACJEUNES;01;JFW002;2024-11-10;00:00;0599408;VOLLEY-BALL CLUB CYSOING;0628929;VOLLEY CLUB HARNES; 1/2;25-23,18-25,9-15;52-63;TAMISE;BONNEL KEVIN;RYELANDT JEAN-FRANCOIS;
ACJEUNES;01;JFW003;2024-11-10;00:00;0594597;ASP VILLENEUVE D'ASCQ METROPOLE;0628929;VOLLEY CLUB HARNES; 0/2;9-25,14-25;23-50;TAMISE;RYELANDT JEAN-FRANCOIS;BONNEL KEVIN;
ACJEUNES;01;JFX001;2024-11-10;11:00;0931960;PANTIN VOLLEY;0757954;PARIS AMICALE CAMOU; 1/2;25-18,24-26,11-15;60-59;MAURICE BAQUET;TRUONG KIM;;
ACJEUNES;01;JFX002;2024-11-10;00:00;0757954;PARIS AMICALE CAMOU;0778853;COMBS VOLLEY-BALL; 2/0;25-21,25-17;50-38;MAURICE BAQUET;TRUONG KIM;;
ACJEUNES;01;JFX003;2024-11-10;00:00;0931960;PANTIN VOLLEY;0778853;COMBS VOLLEY-BALL; 2/0;25-12,25-10;50-22;MAURICE BAQUET;TRUONG KIM;;
ACJEUNES;01;JFY001;2024-11-10;11:00;0921673;ANTONY VOLLEY;0947039;ASS AMICALE SPORTIVE FRESNES; 2/0;25-23,25-15;50-38;GYMNASE US METRO;JAKIMOV VERIKA;;
ACJEUNES;01;JFY002;2024-11-10;00:00;0947039;ASS AMICALE SPORTIVE FRESNES;0758726;SPORTING CLUB PARIS VOLLEY; 0/2;16-25,24-26;40-51;GYMNASE US METRO;JAKIMOV VERIKA;;
ACJEUNES;01;JFY003;2024-11-10;00:00;0921673;ANTONY VOLLEY;0758726;SPORTING CLUB PARIS VOLLEY; 0/2;27-29,21-25;48-54;GYMNASE US METRO;JAKIMOV VERIKA;;
ACJEUNES;01;JFZ001;2024-11-10;11:00;0933876;USM. GAGNY VOLLEY;0757777;PUC VOLLEY-BALL; 0/2;13-25,12-25;25-50;GYMNASE BERNARD VERITE;SUILLAUD FABRICE;;
ACJEUNES;01;JFZ002;2024-11-10;00:00;0757777;PUC VOLLEY-BALL;0948308;UNION SPORTIVE DE VILLEJUIF; 2/1;25-21,21-25,15-13;61-59;GYMNASE BERNARD VERITE;SUILLAUD FABRICE;;
ACJEUNES;01;JFZ003;2024-11-10;00:00;0933876;USM. GAGNY VOLLEY;0948308;UNION SPORTIVE DE VILLEJUIF; 0/2;20-25,13-25;33-50;GYMNASE BERNARD VERITE;SUILLAUD FABRICE;;
ACJEUNES;01;JG1001;2024-11-10;11:00;0950033;AS. VOLLEY OSNY PONTOISE;0788680;AS. SP DE SARTROUVILLE; 0/2;12-25,13-25;25-50;HALL OMNISPORT PHILIPPE HEMET;ANQUETIN REMY;;
ACJEUNES;01;JG1002;2024-11-10;00:00;0788680;AS. SP DE SARTROUVILLE;0765200;ASPTT ROUEN MSA VB; 2/1;21-25,25-8,15-4;61-37;HALL OMNISPORT PHILIPPE HEMET;ANQUETIN REMY;;
ACJEUNES;01;JG1003;2024-11-10;00:00;0950033;AS. VOLLEY OSNY PONTOISE;0765200;ASPTT ROUEN MSA VB; 0/2;16-25,17-25;33-50;HALL OMNISPORT PHILIPPE HEMET;ANQUETIN REMY;;
ACJEUNES;01;JG2001;2024-11-10;11:00;0758706;AS. SP. CULT. DUNOIS;0927924;C S M CLAMART; 0/2;16-25,15-25;31-50;DUNOIS;HOUNNOUKPE JOEL;;
ACJEUNES;01;JG2002;2024-11-10;00:00;0927924;C S M CLAMART;0777831;VC CHAMPS SUR MARNE; 2/0;25-12,25-9;50-21;DUNOIS;HOUNNOUKPE JOEL;;
ACJEUNES;01;JG2003;2024-11-10;00:00;0758706;AS. SP. CULT. DUNOIS;0777831;VC CHAMPS SUR MARNE; 2/0;25-8,25-6;50-14;DUNOIS;HOUNNOUKPE JOEL;;
ACJEUNES;01;JG3001;2024-11-10;11:00;0750043;SPORTING CLUB NORD PARISIEN;0939157;TREMBLAY ATHLETIQUE CLUB; 0/2;18-25,18-25;36-50;JULES LADOUMEGUE;AHMED ALI NADIR;;
ACJEUNES;01;JG3002;2024-11-10;00:00;0939157;TREMBLAY ATHLETIQUE CLUB;0912701;PORTES DE L'ESSONNE VOLLEY-BALL; 2/1;20-25,25-22,17-15;62-62;JULES LADOUMEGUE;AHMED ALI NADIR;;
ACJEUNES;01;JG3003;2024-11-10;00:00;0750043;SPORTING CLUB NORD PARISIEN;0912701;PORTES DE L'ESSONNE VOLLEY-BALL; 1/2;18-25,28-26,11-15;57-66;JULES LADOUMEGUE;AHMED ALI NADIR;;
ACJEUNES;02;JFA004;2024-12-15;11:00;0382201;GRENOBLE V.UNIVERSITE CLUB;0429687;CLUB ATHLETIQUE DE ST ETIENNE; 0/2;16-25,19-25;35-50;JOUHAUX;ROSENAU NOGUEIRA CATARINA;MOUZAIA ABDELMADJID;
ACJEUNES;02;JFA005;2024-12-15;00:00;0429687;CLUB ATHLETIQUE DE ST ETIENNE;0634740;VOLLEY BALL CLUB CHAMALIERES; 2/0;25-13,25-15;50-28;JOUHAUX;MOUZAIA ABDELMADJID;ROSENAU NOGUEIRA CATARINA;
ACJEUNES;02;JFA006;2024-12-15;00:00;0382201;GRENOBLE V.UNIVERSITE CLUB;0634740;VOLLEY BALL CLUB CHAMALIERES; 2/0;25-13,25-21;50-34;JOUHAUX;ROSENAU NOGUEIRA CATARINA;MOUZAIA ABDELMADJID;
ACJEUNES;02;JFB004;2024-12-15;11:00;0382203;CA VOLLEY BALL JALIOROMAIN;0382205;PAYS VOIRONNAIS VOLLEY - PVV; 1/2;26-24,16-25,10-15;52-64;GYMNASE LYCEE LA PLEIADE;MINNE RAPHAELLE;MEUNIER JEREMIE;
ACJEUNES;02;JFB005;2024-12-15;00:00;0382205;PAYS VOIRONNAIS VOLLEY - PVV;0849721;DETENTE VERTICALE VEDENAISE; 2/0;25-8,25-10;50-18;GYMNASE LYCEE LA PLEIADE;MEUNIER JEREMIE;MINNE RAPHAELLE;
ACJEUNES;02;JFB006;2024-12-15;00:00;0382203;CA VOLLEY BALL JALIOROMAIN;0849721;DETENTE VERTICALE VEDENAISE; 2/1;25-19,23-25,15-7;63-51;GYMNASE LYCEE LA PLEIADE;MEUNIER JEREMIE;MINNE RAPHAELLE;
ACJEUNES;02;JFC004;2024-12-14;14:00;0136761;ISTRES PROVENCE VOLLEY;0138032;PAYS D'AIX VENELLES V.B.; 0/2;19-25,18-25;37-50;GYMNASE PAUL CAVALLONI;HADID MARIE-CHRISTINE;LLADERES JACQUES;
ACJEUNES;02;JFC005;2024-12-14;00:00;0138032;PAYS D'AIX VENELLES V.B.;0380027;VOLLEY LA TOUR DU PIN; 2/0;25-16,25-11;50-27;GYMNASE PAUL CAVALLONI;LLADERES JACQUES;HADID MARIE-CHRISTINE;
ACJEUNES;02;JFC006;2024-12-14;00:00;0136761;ISTRES PROVENCE VOLLEY;0380027;VOLLEY LA TOUR DU PIN; 2/0;25-12,25-19;50-31;GYMNASE PAUL CAVALLONI;LLADERES JACQUES;HADID MARIE-CHRISTINE;
ACJEUNES;02;JFD004;2024-12-15;11:00;0307732;NIMES VOLLEY-BALL;0344036;AGDE VOLLEY BALL; 0/2;20-25,22-25;42-50;GASTON LESSUT;SAADOUNE ABDELHAK;GRAS JEAN-MARIE;
ACJEUNES;02;JFD005;2024-12-15;00:00;0344036;AGDE VOLLEY BALL;0061297;RACING CLUB DE CANNES; 0/2;13-25,9-25;22-50;GASTON LESSUT;GRAS JEAN-MARIE;SAADOUNE ABDELHAK;
ACJEUNES;02;JFD006;2024-12-15;00:00;0307732;NIMES VOLLEY-BALL;0061297;RACING CLUB DE CANNES; 0/2;9-25,8-25;17-50;GASTON LESSUT;SAADOUNE ABDELHAK;GRAS JEAN-MARIE;
ACJEUNES;02;JFE004;2024-12-15;11:00;0344410;ASLJCROIX ARGENT MONTPELLIER;0349150;LATTES ASPTT MONTPELLIER V.A.C; 0/2;19-25,13-25;32-50;GYMNASE ALAIN COLAS;NASUTO EDOARDO;NEE GAEL;
ACJEUNES;02;JFE005;2024-12-15;00:00;0349150;LATTES ASPTT MONTPELLIER V.A.C;0819685;PUYLAURENS VOLLEY BALL; 2/0;25-12,25-18;50-30;GYMNASE ALAIN COLAS;NEE GAEL;NASUTO EDOARDO;
ACJEUNES;02;JFE006;2024-12-15;00:00;0344410;ASLJCROIX ARGENT MONTPELLIER;0819685;PUYLAURENS VOLLEY BALL; 0/2;21-25,13-25;34-50;GYMNASE ALAIN COLAS;NASUTO EDOARDO;NEE GAEL;
ACJEUNES;02;JFF004;2024-12-15;14:30;0319689;A.S. DE L'UNION VOLLEY-BALL;0117968;VOLLEY-BALL GRUISSAN; 2/0;25-11,25-14;50-25;C300;LARRIEU DAVID;DELAGE MARTIN;
ACJEUNES;02;JFF005;2024-12-15;00:00;0117968;VOLLEY-BALL GRUISSAN;0345002;ASBAM MONTPELLIER; 2/1;19-25,25-20,15-12;59-57;C300;LARRIEU DAVID;DELAGE MARTIN;
ACJEUNES;02;JFF006;2024-12-15;00:00;0319689;A.S. DE L'UNION VOLLEY-BALL;0345002;ASBAM MONTPELLIER; 2/1;25-21,17-25,15-7;57-53;C300;DELAGE MARTIN;LARRIEU DAVID;
ACJEUNES;02;JFG004;2024-12-15;11:00;0646282;MJC LES FLEURS DE PAU;0340015;BEZIERS VOLLEY; 0/2;21-25,13-25;34-50;LEO LAGRANGE;DOMINGUEZ LUCIO MARCIAL;VIDAL BRUNO;
ACJEUNES;02;JFG005;2024-12-15;00:00;0340015;BEZIERS VOLLEY;0348496;AS.SP. V.B MAUGUIO; 2/0;25-22,25-16;50-38;LEO LAGRANGE;VIDAL BRUNO;DOMINGUEZ LUCIO MARCIAL;
ACJEUNES;02;JFG006;2024-12-15;00:00;0646282;MJC LES FLEURS DE PAU;0348496;AS.SP. V.B MAUGUIO; 1/2;25-21,18-25,14-16;57-62;LEO LAGRANGE;DOMINGUEZ LUCIO MARCIAL;VIDAL BRUNO;
ACJEUNES;02;JFH004;2024-12-15;11:00;0330014;J.S.A. BORDEAUX;0648734;LONS VOLLEY-CLUB DU MOULIN; 2/0;25-17,25-6;50-23;SALLE MAITRE JEAN;DRISSI MANIANI EL-MEHDI;GHENIMI NOUR'AMIR;
ACJEUNES;02;JFH005;2024-12-15;00:00;0648734;LONS VOLLEY-CLUB DU MOULIN;0377979;REVEIL SPORTIF DE SAINT-CYR; 0/2;8-25,14-25;22-50;SALLE MAITRE JEAN;GHENIMI NOUR'AMIR;DRISSI MANIANI EL-MEHDI;
ACJEUNES;02;JFH006;2024-12-15;00:00;0330014;J.S.A. BORDEAUX;0377979;REVEIL SPORTIF DE SAINT-CYR; 1/2;25-22,20-25,16-18;61-65;SALLE MAITRE JEAN;GHENIMI NOUR'AMIR;DRISSI MANIANI EL-MEHDI;
ACJEUNES;02;JFI004;2024-12-15;11:00;0818902;U.S. CADALENOISE V.B.;0335197;SPORT ATHLETIQUE MERIGNACAIS; 0/2;10-25,7-25;17-50;SALLE DES SPORTS;PINONDELLE BENJAMIN;DOCHEZ MARC;
ACJEUNES;02;JFI005;2024-12-15;00:00;0335197;SPORT ATHLETIQUE MERIGNACAIS;0798259;VOLLEY-BALL PEXINOIS NIORT; 2/1;18-25,25-13,15-9;58-47;SALLE DES SPORTS;DOCHEZ MARC;PINONDELLE BENJAMIN;
ACJEUNES;02;JFI006;2024-12-15;00:00;0818902;U.S. CADALENOISE V.B.;0798259;VOLLEY-BALL PEXINOIS NIORT; 0/2;12-25,15-25;27-50;SALLE DES SPORTS;PINONDELLE BENJAMIN;DOCHEZ MARC;
ACJEUNES;02;JFJ004;2024-12-15;11:00;0444976;LES NEPTUNES NANTES VOLLEY ASSOCIATION;0299370;QUIMPER VOLLEY 29; 2/0;25-12,25-16;50-28;JEAN JAHAN 2;REISCHEK MAXENCE;LORILLON MATTHIS;
ACJEUNES;02;JFJ005;2024-12-15;00:00;0299370;QUIMPER VOLLEY 29;0337145;ASSOCIATION SPORTIVE ILLACAISE VOLLEY-BALL; 2/0;25-10,25-23;50-33;JEAN JAHAN 2;LORILLON MATTHIS;REISCHEK MAXENCE;
ACJEUNES;02;JFJ006;2024-12-15;00:00;0444976;LES NEPTUNES NANTES VOLLEY ASSOCIATION;0337145;ASSOCIATION SPORTIVE ILLACAISE VOLLEY-BALL; 2/0;25-5,25-8;50-13;JEAN JAHAN 2;LORILLON MATTHIS;REISCHEK MAXENCE;
ACJEUNES;02;JFK004;2024-12-15;11:00;0351506;LES BLEUETS PORTES DE BRETAGNE VB;0148994;ELAN SPORTIF DE CARPIQUET DE VOLLEY; 0/2;17-25,7-25;24-50;SALLE FONTAINE GUY;LABEAU BERNARD;YOUENOU STEPHANIE;
ACJEUNES;02;JFK005;2024-12-15;00:00;0148994;ELAN SPORTIF DE CARPIQUET DE VOLLEY;0455556;NEUVILLE SPORTS; 2/0;25-15,25-11;50-26;SALLE FONTAINE GUY;YOUENOU STEPHANIE;LABEAU BERNARD;
ACJEUNES;02;JFK006;2024-12-15;00:00;0351506;LES BLEUETS PORTES DE BRETAGNE VB;0455556;NEUVILLE SPORTS; 1/2;13-25,25-18,9-15;47-58;SALLE FONTAINE GUY;LABEAU BERNARD;YOUENOU STEPHANIE;
ACJEUNES;02;JFL004;2024-12-15;11:00;0543620;VANDOEUVRE-NANCY VOLLEY-BALL;0675289;A.S. VALLEE DE LA SAUER; 2/1;18-25,25-12,15-7;58-44;NATIONS;LEPAGE BENOIT;THOUVENIN SIMON;
ACJEUNES;02;JFL005;2024-12-15;00:00;0675289;A.S. VALLEE DE LA SAUER;0219695;DIJON TALANT VOLLEY-BALL; 2/0;25-11,25-20;50-31;NATIONS;THOUVENIN SIMON;LEPAGE BENOIT;
ACJEUNES;02;JFL006;2024-12-15;00:00;0543620;VANDOEUVRE-NANCY VOLLEY-BALL;0219695;DIJON TALANT VOLLEY-BALL; 2/0;25-13,25-14;50-27;NATIONS;THOUVENIN SIMON;LEPAGE BENOIT;
ACJEUNES;02;JFM004;2024-12-15;11:00;0686392;VOLLEY MULHOUSE ALSACE;0255795;BESANCON VOLLEY-BALL; 2/0;25-12,25-17;50-29;CENTRE SPORTIF RÉGIONALE;MALESZA STÉPHANE;NOLLET CHLOE;
ACJEUNES;02;JFM005;2024-12-15;00:00;0255795;BESANCON VOLLEY-BALL;0542783;GRAND NANCY VOLLEY-BALL; 2/0;25-16,25-11;50-27;CENTRE SPORTIF RÉGIONALE;MALESZA STÉPHANE;NOLLET CHLOE;
ACJEUNES;02;JFM006;2024-12-15;00:00;0686392;VOLLEY MULHOUSE ALSACE;0542783;GRAND NANCY VOLLEY-BALL; 2/0;25-13,25-13;50-26;CENTRE SPORTIF RÉGIONALE;NOLLET CHLOE;MALESZA STÉPHANE;
ACJEUNES;02;JFN004;2024-12-15;11:00;0279428;EVREUX VOLLEY-BALL;0788680;AS. SP DE SARTROUVILLE; 0/2;7-25,15-25;22-50;JEAN JAURES;MARTIN ÉLISE;MALFAIT ZOE;
ACJEUNES;02;JFN005;2024-12-15;00:00;0788680;AS. SP DE SARTROUVILLE;0758706;AS. SP. CULT. DUNOIS; 2/0;25-9,25-14;50-23;JEAN JAURES;MALFAIT ZOE;MARTIN ÉLISE;
ACJEUNES;02;JFN006;2024-12-15;00:00;0279428;EVREUX VOLLEY-BALL;0758706;AS. SP. CULT. DUNOIS; 2/0;25-20,25-22;50-42;JEAN JAURES;MARTIN ÉLISE;MALFAIT ZOE;
ACJEUNES;02;JFO004;2024-12-15;11:00;0765200;ASPTT ROUEN MSA VB;0921672;SAINT-CLOUD PARIS SF; 0/2;15-25,14-25;29-50;GYMNASE JEANNE D ARC;FENICH PAOLO;;
ACJEUNES;02;JFO005;2024-12-15;00:00;0921672;SAINT-CLOUD PARIS SF;0921673;ANTONY VOLLEY; 2/0;25-10,25-17;50-27;GYMNASE JEANNE D ARC;CHARRIER ACHILLE;FENICH PAOLO;
ACJEUNES;02;JFO006;2024-12-15;00:00;0765200;ASPTT ROUEN MSA VB;0921673;ANTONY VOLLEY; 0/2;16-25,17-25;33-50;GYMNASE JEANNE D ARC;FENICH PAOLO;CHARRIER ACHILLE;
ACJEUNES;02;JFP004;2024-12-15;11:00;0590036;VOLLEY CLUB DE VALENCIENNES;0594680;TOURCOING VOLLEY-BALL L.M.; 2/0;25-5,25-10;50-15;SALLE DU HAINAUT;MARTINET PIERRICK;COUILLEZ MATHILDE;
ACJEUNES;02;JFP005;2024-12-15;00:00;0594680;TOURCOING VOLLEY-BALL L.M.;0595407;UNION SPORTIVE DE ST ANDRE; 2/1;25-18,21-25,16-14;62-57;SALLE DU HAINAUT;MARTINET PIERRICK;COUILLEZ MATHILDE;
ACJEUNES;02;JFP006;2024-12-15;00:00;0590036;VOLLEY CLUB DE VALENCIENNES;0595407;UNION SPORTIVE DE ST ANDRE; 2/0;25-10,25-8;50-18;SALLE DU HAINAUT;COUILLEZ MATHILDE;MARTINET PIERRICK;
ACJEUNES;02;JFQ004;2024-12-15;10:00;0590041;HALLUIN VOLLEY METROPOLE;0590025;AMICALE CENTRE HELLEMMES VOLLEY-BALL; 1/2;25-21,13-25,11-15;49-61;SALLE MICHEL BERNARD;CADET JEAN-LUC;DA SILVA NUNES THOMAS;
ACJEUNES;02;JFQ005;2024-12-15;00:00;0590025;AMICALE CENTRE HELLEMMES VOLLEY-BALL;0628929;VOLLEY CLUB HARNES; 0/2;4-25,23-25;27-50;SALLE MICHEL BERNARD;DA SILVA NUNES THOMAS;CADET JEAN-LUC;
ACJEUNES;02;JFQ006;2024-12-15;00:00;0590041;HALLUIN VOLLEY METROPOLE;0628929;VOLLEY CLUB HARNES; 0/2;6-25,9-25;15-50;SALLE MICHEL BERNARD;CADET JEAN-LUC;DA SILVA NUNES THOMAS;
ACJEUNES;02;JFR004;2024-12-15;11:00;0599408;VOLLEY-BALL CLUB CYSOING;0596435;VOLLEY-BALL DE RONCQ; 2/0;25-14,25-10;50-24;SALLE DELESCLUZES;DECORDE CEDRIC;VANDERBEEKEN NATHAN;
ACJEUNES;02;JFR005;2024-12-15;00:00;0596435;VOLLEY-BALL DE RONCQ;0939157;TREMBLAY ATHLETIQUE CLUB; 0/2;16-25,16-25;32-50;SALLE DELESCLUZES;DECORDE CEDRIC;VANDERBEEKEN NATHAN;
ACJEUNES;02;JFR006;2024-12-15;00:00;0599408;VOLLEY-BALL CLUB CYSOING;0939157;TREMBLAY ATHLETIQUE CLUB; 1/2;16-25,25-15,14-16;55-56;SALLE DELESCLUZES;VANDERBEEKEN NATHAN;DECORDE CEDRIC;
ACJEUNES;02;JFS004;2024-12-15;13:00;0912762;VOLLEY-BALL DE MILLY LA FORET;0947039;ASS AMICALE SPORTIVE FRESNES; 2/0;25-17,26-24;51-41;COMPLEXE SPORTIF DES ROCHES;ULYSSE GUY-ROBEL;REGARD SANDRINE;
ACJEUNES;02;JFS005;2024-12-15;00:00;0947039;ASS AMICALE SPORTIVE FRESNES;0757954;PARIS AMICALE CAMOU; 2/0;25-13,25-20;50-33;COMPLEXE SPORTIF DES ROCHES;ULYSSE GUY-ROBEL;REGARD SANDRINE;
ACJEUNES;02;JFS006;2024-12-15;00:00;0912762;VOLLEY-BALL DE MILLY LA FORET;0757954;PARIS AMICALE CAMOU; 2/1;25-14,23-25,15-11;63-50;COMPLEXE SPORTIF DES ROCHES;REGARD SANDRINE;ULYSSE GUY-ROBEL;
ACJEUNES;02;JFT004;2024-12-15;13:00;0779890;US LOGNES VOLLEY-BALL;0758726;SPORTING CLUB PARIS VOLLEY; 2/0;25-14,25-23;50-37;GYMNASE DE LA MAILLIÈRE;MAS CLAUDIE;GILBERT SIMON;
ACJEUNES;02;JFT005;2024-12-15;00:00;0758726;SPORTING CLUB PARIS VOLLEY;0750043;SPORTING CLUB NORD PARISIEN; 0/2;22-25,20-25;42-50;GYMNASE DE LA MAILLIÈRE;MAS CLAUDIE;GILBERT SIMON;
ACJEUNES;02;JFT006;2024-12-15;00:00;0779890;US LOGNES VOLLEY-BALL;0750043;SPORTING CLUB NORD PARISIEN; 2/0;25-16,25-22;50-38;GYMNASE DE LA MAILLIÈRE;GILBERT SIMON;MAS CLAUDIE;
ACJEUNES;02;JFU004;2024-12-15;11:00;0927924;C S M CLAMART;0948308;UNION SPORTIVE DE VILLEJUIF; 2/0;26-24,26-24;52-48;GYMNASE DU GUET;SALINAS KRYSTINA;OCTAVIE LUDIVINE;
ACJEUNES;02;JFU005;2024-12-15;00:00;0948308;UNION SPORTIVE DE VILLEJUIF;0931960;PANTIN VOLLEY; 2/0;25-18,25-19;50-37;GYMNASE DU GUET;SALINAS KRYSTINA;OCTAVIE LUDIVINE;
ACJEUNES;02;JFU006;2024-12-15;00:00;0927924;C S M CLAMART;0931960;PANTIN VOLLEY; 2/0;25-11,25-20;50-31;GYMNASE DU GUET;OCTAVIE LUDIVINE;SALINAS KRYSTINA;
ACJEUNES;02;JFV004;2024-12-15;11:00;0912701;PORTES DE L'ESSONNE VOLLEY-BALL;0757777;PUC VOLLEY-BALL; 0/2;24-26,22-25;46-51;GYMNASE CHAMPAGNE;DE CASTRO MIGUEL;AHMED ALI NADIR;
ACJEUNES;02;JFV005;2024-12-15;00:00;0757777;PUC VOLLEY-BALL;0351417;RENNES ETUDIANTS CLUB; 2/0;25-18,25-17;50-35;GYMNASE CHAMPAGNE;AHMED ALI NADIR;DE CASTRO MIGUEL;
ACJEUNES;02;JFV006;2024-12-15;00:00;0912701;PORTES DE L'ESSONNE VOLLEY-BALL;0351417;RENNES ETUDIANTS CLUB; 1/2;25-13,25-27,14-16;64-56;GYMNASE CHAMPAGNE;DE CASTRO MIGUEL;AHMED ALI NADIR;
ACJEUNES;03;JFA007;2025-01-19;11:00;0429687;CLUB ATHLETIQUE DE ST ETIENNE;0382203;CA VOLLEY BALL JALIOROMAIN; 2/0;25-16,25-17;50-33;GYMNASE VILLEBOEUF;GISBERT MIKAEL;GUEDIKIAN STEVENS;
ACJEUNES;03;JFA008;2025-01-19;00:00;0382203;CA VOLLEY BALL JALIOROMAIN;0117968;VOLLEY-BALL GRUISSAN; 0/2;22-25,14-25;36-50;GYMNASE VILLEBOEUF;BIYAMOU JADE;GUEDIKIAN STEVENS;
ACJEUNES;03;JFA009;2025-01-19;00:00;0429687;CLUB ATHLETIQUE DE ST ETIENNE;0117968;VOLLEY-BALL GRUISSAN; 2/0;25-9,25-11;50-20;GYMNASE VILLEBOEUF;BIYAMOU JADE;GUEDIKIAN STEVENS;
ACJEUNES;03;JFB007;2025-01-19;11:00;0819685;PUYLAURENS VOLLEY BALL;0136761;ISTRES PROVENCE VOLLEY; 2/0;25-18,25-19;50-37;COSEC LABRUGUIERE;NGUYEN QUOC-VIET;LARRIEU DAVID;
ACJEUNES;03;JFB008;2025-01-19;00:00;0136761;ISTRES PROVENCE VOLLEY;0382205;PAYS VOIRONNAIS VOLLEY - PVV; 2/0;25-12,25-14;50-26;COSEC LABRUGUIERE;LARRIEU DAVID;NGUYEN QUOC-VIET;
ACJEUNES;03;JFB009;2025-01-19;00:00;0819685;PUYLAURENS VOLLEY BALL;0382205;PAYS VOIRONNAIS VOLLEY - PVV; 2/0;25-15,25-8;50-23;COSEC LABRUGUIERE;LARRIEU DAVID;NGUYEN QUOC-VIET;
ACJEUNES;03;JFC007;2025-01-19;11:00;0344036;AGDE VOLLEY BALL;0349150;LATTES ASPTT MONTPELLIER V.A.C; 0/2;17-25,25-27;42-52;CHARRIN;GRAPPIN STEPHANIE;GAY PHILIPPE;
ACJEUNES;03;JFC008;2025-01-19;00:00;0349150;LATTES ASPTT MONTPELLIER V.A.C;0382201;GRENOBLE V.UNIVERSITE CLUB; 1/2;25-18,23-25,8-15;56-58;CHARRIN;GAY PHILIPPE;GRAPPIN STEPHANIE;
ACJEUNES;03;JFC009;2025-01-19;00:00;0344036;AGDE VOLLEY BALL;0382201;GRENOBLE V.UNIVERSITE CLUB; 0/2;20-25,22-25;42-50;CHARRIN;GRAPPIN STEPHANIE;GAY PHILIPPE;
ACJEUNES;03;JFD007;2025-01-19;11:00;0138032;PAYS D'AIX VENELLES V.B.;0348496;AS.SP. V.B MAUGUIO; 2/0;25-12,25-21;50-33;GYMNASE DE LA SEIGNEURIE;CHAMOT DAMIEN;PIETRASIK THEO;
ACJEUNES;03;JFD008;2025-01-19;00:00;0348496;AS.SP. V.B MAUGUIO;0319689;A.S. DE L'UNION VOLLEY-BALL; 0/2;19-25,21-25;40-50;GYMNASE DE LA SEIGNEURIE;CHAMOT DAMIEN;PIETRASIK THEO;
ACJEUNES;03;JFD009;2025-01-19;00:00;0138032;PAYS D'AIX VENELLES V.B.;0319689;A.S. DE L'UNION VOLLEY-BALL; 2/0;25-19,30-28;55-47;GYMNASE DE LA SEIGNEURIE;PIETRASIK THEO;CHAMOT DAMIEN;
ACJEUNES;03;JFE007;2025-01-19;11:00;0345002;ASBAM MONTPELLIER;0340015;BEZIERS VOLLEY; 0/2;16-25,24-26;40-51;GYMNASE LES ARTS;MARTA MICHAEL;PAUTET GUILLAUME;
ACJEUNES;03;JFE008;2025-01-19;00:00;0340015;BEZIERS VOLLEY;0061297;RACING CLUB DE CANNES; 0/2;21-25,27-29;48-54;GYMNASE LES ARTS;PAUTET GUILLAUME;MARTA MICHAEL;
ACJEUNES;03;JFE009;2025-01-19;00:00;0345002;ASBAM MONTPELLIER;0061297;RACING CLUB DE CANNES; 0/2;12-25,9-25;21-50;GYMNASE LES ARTS;MARTA MICHAEL;PAUTET GUILLAUME;
ACJEUNES;03;JFF007;2025-01-19;11:00;0299370;QUIMPER VOLLEY 29;0798259;VOLLEY-BALL PEXINOIS NIORT; 2/0;25-21,25-14;50-35;GYMNASE COLLEGE LA TOURELLE;GRAIGNIC JEAN-BAPTISTE;BAIOTTO MAURER MARTINE;
ACJEUNES;03;JFF008;2025-01-19;00:00;0798259;VOLLEY-BALL PEXINOIS NIORT;0377979;REVEIL SPORTIF DE SAINT-CYR; 0/2;20-25,15-25;35-50;GYMNASE COLLEGE LA TOURELLE;GRAIGNIC JEAN-BAPTISTE;BAIOTTO MAURER MARTINE;
ACJEUNES;03;JFF009;2025-01-19;00:00;0299370;QUIMPER VOLLEY 29;0377979;REVEIL SPORTIF DE SAINT-CYR; 0/2;22-25,11-25;33-50;GYMNASE COLLEGE LA TOURELLE;BAIOTTO MAURER MARTINE;GRAIGNIC JEAN-BAPTISTE;
ACJEUNES;03;JFG007;2025-01-19;11:00;0335197;SPORT ATHLETIQUE MERIGNACAIS;0330014;J.S.A. BORDEAUX; 0/2;13-25,10-25;23-50;DANIEL COLOMBIER;BARRABÈS ARNO;ALI MOUSSA;
ACJEUNES;03;JFG008;2025-01-19;00:00;0330014;J.S.A. BORDEAUX;0455556;NEUVILLE SPORTS; 2/0;25-6,25-11;50-17;DANIEL COLOMBIER;ALI MOUSSA;BARRABÈS ARNO;
ACJEUNES;03;JFG009;2025-01-19;00:00;0335197;SPORT ATHLETIQUE MERIGNACAIS;0455556;NEUVILLE SPORTS; 2/0;25-19,25-23;50-42;DANIEL COLOMBIER;BARRABÈS ARNO;ALI MOUSSA;
ACJEUNES;03;JFH007;2025-01-19;11:00;0947039;ASS AMICALE SPORTIVE FRESNES;0921672;SAINT-CLOUD PARIS SF; 0/2;11-25,12-25;23-50;LA PAIX;MOUYEME SIDONIE;;
ACJEUNES;03;JFH008;2025-01-19;00:00;0921672;SAINT-CLOUD PARIS SF;0148994;ELAN SPORTIF DE CARPIQUET DE VOLLEY; 2/0;25-16,25-12;50-28;LA PAIX;MOUYEME SIDONIE;;
ACJEUNES;03;JFH009;2025-01-19;00:00;0947039;ASS AMICALE SPORTIVE FRESNES;0148994;ELAN SPORTIF DE CARPIQUET DE VOLLEY; 0/2;18-25,15-25;33-50;LA PAIX;MOUYEME SIDONIE;;
ACJEUNES;03;JFI007;2025-01-19;11:00;0675289;A.S. VALLEE DE LA SAUER;0255795;BESANCON VOLLEY-BALL; 0/2;8-25,18-25;26-50;GYMNASE DES CUIRASSIERS;MANSUY DONATIEN;MISEVICIUS ROMUALDAS;
ACJEUNES;03;JFI008;2025-01-19;00:00;0255795;BESANCON VOLLEY-BALL;0788680;AS. SP DE SARTROUVILLE; 2/0;25-13,25-18;50-31;GYMNASE DES CUIRASSIERS;MISEVICIUS ROMUALDAS;MANSUY DONATIEN;
ACJEUNES;03;JFI009;2025-01-19;00:00;0675289;A.S. VALLEE DE LA SAUER;0788680;AS. SP DE SARTROUVILLE; 0/2;15-25,17-25;32-50;GYMNASE DES CUIRASSIERS;MANSUY DONATIEN;MISEVICIUS ROMUALDAS;
ACJEUNES;03;JFJ007;2025-01-19;11:00;0590025;AMICALE CENTRE HELLEMMES VOLLEY-BALL;0543620;VANDOEUVRE-NANCY VOLLEY-BALL; 0/2;17-25,11-25;28-50;SALLE DELANNOY;DE PARMENTIER JEAN-CLAUDE;POILLION JEAN;
ACJEUNES;03;JFJ008;2025-01-19;00:00;0543620;VANDOEUVRE-NANCY VOLLEY-BALL;0686392;VOLLEY MULHOUSE ALSACE; 0/2;15-25,19-25;34-50;SALLE DELANNOY;POILLION JEAN;DE PARMENTIER JEAN-CLAUDE;
ACJEUNES;03;JFJ009;2025-01-19;00:00;0590025;AMICALE CENTRE HELLEMMES VOLLEY-BALL;0686392;VOLLEY MULHOUSE ALSACE; 0/2;4-25,7-25;11-50;SALLE DELANNOY;DE PARMENTIER JEAN-CLAUDE;POILLION JEAN;
ACJEUNES;03;JFK007;2025-01-19;10:30;0594680;TOURCOING VOLLEY-BALL L.M.;0628929;VOLLEY CLUB HARNES; 0/2;13-25,8-25;21-50;SALLE MOUTAA LOUATI;CADET JEAN-LUC;BRILLEMAN ERIC;
ACJEUNES;03;JFK008;2025-01-19;00:00;0628929;VOLLEY CLUB HARNES;0279428;EVREUX VOLLEY-BALL; 2/0;25-10,25-8;50-18;SALLE MOUTAA LOUATI;BRILLEMAN ERIC;CADET JEAN-LUC;
ACJEUNES;03;JFK009;2025-01-19;00:00;0594680;TOURCOING VOLLEY-BALL L.M.;0279428;EVREUX VOLLEY-BALL; 1/2;23-25,25-20,9-15;57-60;SALLE MOUTAA LOUATI;CADET JEAN-LUC;BRILLEMAN ERIC;
ACJEUNES;03;JFL007;2025-01-19;11:00;0750043;SPORTING CLUB NORD PARISIEN;0921673;ANTONY VOLLEY; 2/0;25-18,25-21;50-39;JULES LADOUMEGUE;HAROUN MEHDI;;
ACJEUNES;03;JFL008;2025-01-19;00:00;0921673;ANTONY VOLLEY;0590036;VOLLEY CLUB DE VALENCIENNES; 0/2;19-25,8-25;27-50;JULES LADOUMEGUE;HAROUN MEHDI;;
ACJEUNES;03;JFL009;2025-01-19;00:00;0750043;SPORTING CLUB NORD PARISIEN;0590036;VOLLEY CLUB DE VALENCIENNES; 0/2;23-25,8-25;31-50;JULES LADOUMEGUE;HAROUN MEHDI;;
ACJEUNES;03;JFM007;2025-01-19;13:30;0948308;UNION SPORTIVE DE VILLEJUIF;0444976;LES NEPTUNES NANTES VOLLEY ASSOCIATION; 0/2;13-25,9-25;22-50;GYMNASE BAQUET;IOUSSAIDENE ABDERRAHMANE;;
ACJEUNES;03;JFM008;2025-01-19;00:00;0939157;TREMBLAY ATHLETIQUE CLUB;0444976;LES NEPTUNES NANTES VOLLEY ASSOCIATION; 0/2;18-25,22-25;40-50;GYMNASE BAQUET;IOUSSAIDENE ABDERRAHMANE;;
ACJEUNES;03;JFM009;2025-01-19;00:00;0948308;UNION SPORTIVE DE VILLEJUIF;0939157;TREMBLAY ATHLETIQUE CLUB; 0/2;22-25,9-25;31-50;GYMNASE BAQUET;IOUSSAIDENE ABDERRAHMANE;;
ACJEUNES;03;JFN007;2025-01-19;11:00;0351417;RENNES ETUDIANTS CLUB;0927924;C S M CLAMART; 2/0;25-20,25-9;50-29;GANTELLES;DE THY MORGANE;MORTIER FRANCOIS;
ACJEUNES;03;JFN008;2025-01-19;00:00;0927924;C S M CLAMART;0779890;US LOGNES VOLLEY-BALL; 0/2;17-25,15-25;32-50;GANTELLES;DE THY MORGANE;MORTIER FRANCOIS;
ACJEUNES;03;JFN009;2025-01-19;00:00;0351417;RENNES ETUDIANTS CLUB;0779890;US LOGNES VOLLEY-BALL; 2/1;25-16,23-25,15-9;63-50;GANTELLES;MORTIER FRANCOIS;DE THY MORGANE;
ACJEUNES;03;JFO007;2025-01-19;11:00;0757777;PUC VOLLEY-BALL;0912762;VOLLEY-BALL DE MILLY LA FORET; 2/0;25-23,25-8;50-31;KELLERMANN;PHAM THOMAS;;
ACJEUNES;03;JFO008;2025-01-19;00:00;0912762;VOLLEY-BALL DE MILLY LA FORET;0599408;VOLLEY-BALL CLUB CYSOING; 1/2;25-21,19-25,14-16;58-62;KELLERMANN;PHAM THOMAS;;
ACJEUNES;03;JFO009;2025-01-19;00:00;0757777;PUC VOLLEY-BALL;0599408;VOLLEY-BALL CLUB CYSOING; 2/0;25-21,25-18;50-39;KELLERMANN;PHAM THOMAS;;
ACJEUNES;04;JFA010;2025-02-09;11:00;0117968;VOLLEY-BALL GRUISSAN;0819685;PUYLAURENS VOLLEY BALL;;;;GYMNASE DU SABLOU;BERNARD JACK-NICOLAS;BERTRAND JOELLE;
ACJEUNES;04;JFA011;2025-02-09;00:00;0819685;PUYLAURENS VOLLEY BALL;0061297;RACING CLUB DE CANNES;;;;GYMNASE DU SABLOU;;;
ACJEUNES;04;JFA012;2025-02-09;00:00;0117968;VOLLEY-BALL GRUISSAN;0061297;RACING CLUB DE CANNES;;;;GYMNASE DU SABLOU;;;
ACJEUNES;04;JFB010;2025-02-09;09:30;0136761;ISTRES PROVENCE VOLLEY;0382201;GRENOBLE V.UNIVERSITE CLUB;;;;GYMNASE PAUL CAVALLONI;JULMY RAPHAEL;DEBAGH REDWAN;
ACJEUNES;04;JFB011;2025-02-09;00:00;0382201;GRENOBLE V.UNIVERSITE CLUB;0319689;A.S. DE L'UNION VOLLEY-BALL;;;;GYMNASE PAUL CAVALLONI;;;
ACJEUNES;04;JFB012;2025-02-09;00:00;0136761;ISTRES PROVENCE VOLLEY;0319689;A.S. DE L'UNION VOLLEY-BALL;;;;GYMNASE PAUL CAVALLONI;;;
ACJEUNES;04;JFC010;2025-02-09;11:30;0349150;LATTES ASPTT MONTPELLIER V.A.C;0340015;BEZIERS VOLLEY;;;;BRIGITTE GEILER;BOURGUIBI ABDESAMAD;MARSAL JULIEN;
ACJEUNES;04;JFC011;2025-02-09;00:00;0340015;BEZIERS VOLLEY;0138032;PAYS D'AIX VENELLES V.B.;;;;BRIGITTE GEILER;;;
ACJEUNES;04;JFC012;2025-02-09;00:00;0349150;LATTES ASPTT MONTPELLIER V.A.C;0138032;PAYS D'AIX VENELLES V.B.;;;;BRIGITTE GEILER;;;
ACJEUNES;04;JFD010;2025-02-09;11:00;0779890;US LOGNES VOLLEY-BALL;0444976;LES NEPTUNES NANTES VOLLEY ASSOCIATION;;;;GYMNASE DE LA MAILLIÈRE;YAFFA AMARA;BABIN JULIEN;
ACJEUNES;04;JFD011;2025-02-09;00:00;0444976;LES NEPTUNES NANTES VOLLEY ASSOCIATION;0429687;CLUB ATHLETIQUE DE ST ETIENNE;;;;GYMNASE DE LA MAILLIÈRE;;;
ACJEUNES;04;JFD012;2025-02-09;00:00;0779890;US LOGNES VOLLEY-BALL;0429687;CLUB ATHLETIQUE DE ST ETIENNE;;;;GYMNASE DE LA MAILLIÈRE;;;
ACJEUNES;04;JFE010;2025-02-09;11:00;0279428;EVREUX VOLLEY-BALL;0590036;VOLLEY CLUB DE VALENCIENNES;;;;CANADA;SAI MAAMAR;RATIARSON BAPTISTE;
ACJEUNES;04;JFE011;2025-02-09;00:00;0590036;VOLLEY CLUB DE VALENCIENNES;0299370;QUIMPER VOLLEY 29;;;;CANADA;;;
ACJEUNES;04;JFE012;2025-02-09;00:00;0279428;EVREUX VOLLEY-BALL;0299370;QUIMPER VOLLEY 29;;;;CANADA;;;
ACJEUNES;04;JFF010;2025-02-09;11:00;0377979;REVEIL SPORTIF DE SAINT-CYR;0335197;SPORT ATHLETIQUE MERIGNACAIS;;;;GYMNASE STANICHIT;COURTILLE BRUNO;THOMAS PATRICE;
ACJEUNES;04;JFF011;2025-02-09;00:00;0335197;SPORT ATHLETIQUE MERIGNACAIS;0757777;PUC VOLLEY-BALL;;;;GYMNASE STANICHIT;;;
ACJEUNES;04;JFF012;2025-02-09;00:00;0377979;REVEIL SPORTIF DE SAINT-CYR;0757777;PUC VOLLEY-BALL;;;;GYMNASE STANICHIT;;;
ACJEUNES;04;JFG010;2025-02-09;11:00;0148994;ELAN SPORTIF DE CARPIQUET DE VOLLEY;0628929;VOLLEY CLUB HARNES;;;;SALLE LEGRANDOIS;PICANTIN SIMON;FENICH PAOLO;
ACJEUNES;04;JFG011;2025-02-09;00:00;0628929;VOLLEY CLUB HARNES;0330014;J.S.A. BORDEAUX;;;;SALLE LEGRANDOIS;;;
ACJEUNES;04;JFG012;2025-02-09;00:00;0148994;ELAN SPORTIF DE CARPIQUET DE VOLLEY;0330014;J.S.A. BORDEAUX;;;;SALLE LEGRANDOIS;;;
ACJEUNES;04;JFH010;2025-02-09;12:00;0543620;VANDOEUVRE-NANCY VOLLEY-BALL;0921672;SAINT-CLOUD PARIS SF;;;;NATIONS;PEYRICHOU HUGO;CHABI SAMI;
ACJEUNES;04;JFH011;2025-02-09;00:00;0921672;SAINT-CLOUD PARIS SF;0599408;VOLLEY-BALL CLUB CYSOING;;;;NATIONS;;;
ACJEUNES;04;JFH012;2025-02-09;00:00;0543620;VANDOEUVRE-NANCY VOLLEY-BALL;0599408;VOLLEY-BALL CLUB CYSOING;;;;NATIONS;;;
ACJEUNES;04;JFI010;2025-02-09;11:00;0939157;TREMBLAY ATHLETIQUE CLUB;0351417;RENNES ETUDIANTS CLUB;;;;MARCEL CERDAN;SUILLAUD FABRICE;GICQUEL OLIVIER;
ACJEUNES;04;JFI011;2025-02-09;00:00;0351417;RENNES ETUDIANTS CLUB;0255795;BESANCON VOLLEY-BALL;;;;MARCEL CERDAN;;;
ACJEUNES;04;JFI012;2025-02-09;00:00;0939157;TREMBLAY ATHLETIQUE CLUB;0255795;BESANCON VOLLEY-BALL;;;;MARCEL CERDAN;;;
ACJEUNES;04;JFJ010;2025-02-09;10:00;0788680;AS. SP DE SARTROUVILLE;0750043;SPORTING CLUB NORD PARISIEN;;;;CARNOT;AGESILAS YAEL;YACK JOHN;
ACJEUNES;04;JFJ011;2025-02-09;00:00;0750043;SPORTING CLUB NORD PARISIEN;0686392;VOLLEY MULHOUSE ALSACE;;;;CARNOT;;;
ACJEUNES;04;JFJ012;2025-02-09;00:00;0788680;AS. SP DE SARTROUVILLE;0686392;VOLLEY MULHOUSE ALSACE;;;;CARNOT;;;
